id,name,time,utc_offset,group_id,venue_id,status,description
"147245452","Houston Demographic Data, Lightning Talks",1383697800000,-21600000,10824082,8249872,"past","<p>Conversation and networking to 7p, then lightning talks, followed by a look at a workflow for visualizing demographic data for the Houston core-based statistical area.</p> <p>There will be bahn mi and drinks courtesy of our friends @Socrata</p> <p><a href='http://www.socrata.com/'><a href='http://www.socrata.com/' class='linkified'>http://www.socrata.com/</a></a> | Open Data Solutions for Government</p> <p><br/>This Meetup is interactive! Bring your laptops, bring your questions, bring your ideas."
149481582","December Meetup - Tableau 8.1 + a d3 project",1386117000000,-21600000,10824082,8249872,"past","<p>Conversation and networking to 7p, then a look at <a href='http://www.tableausoftware.com/new-features/8.1'>Tableau 8.1</a> as well as a <a href='http://d3js.org/'>d3.js</a> project from one of our own.  </p> <p> ---</p> <p><br/><a href='http://www.linkedin.com/pub/erik-teutsch/6/9bb/168'>Erik Teutsch</a> is Manager of Enterprise Product Consulting at Tableau Software.  Erik will talk about <a href='http://www.tableausoftware.com/new-features/64-bit'>what's</a> <a href='http://www.tableausoftware.com/new-features/r-integration'>new</a> in Tableau 8.1, like integration with the <a href='http://www.r-project.org/'>statistical programming language R</a> and access to <a href='http://en.wikipedia.org/wiki/64-bit_architecture'>more memory</a>.  Erik will join us from Seattle through the <a href='http://www.webex.com/'>magic</a> of internet video.</p>"
"153936932","January Meetup",1389141000000,-21600000,10824082,8249872,"past","<p>conversation + networking to 715p, with lightning talks to follow. there will be food + tasty beverages.</p> <p>lightning talks so far -</p> <p><a href='http://www.linkedin.com/in/micahstubbs'>Micah</a> on quickly exploring text datasets with <a href='http://www.sublimetext.com/3'>Sublime Text 3</a></p> <p><a href='http://www.linkedin.com/pub/frank-bracco/4/856/a23'>Frank Bracco</a> with <a href='http://www.tableausoftware.com/public/community'>Tableau Public</a> data visualizations he builds at the City of Houston</p> <p>Want to give a lightning talk?  Post your topic in the comments!</p>"
"154012262","February Meetup - dynamic report generation with R + 3D surfaces",1391560200000,-21600000,10824082,8249872,"past","<p>conversation + networking to 7p / lightning talks to follow</p> <p>expect food &amp; a wide variety of tasty beverages </p> <p>we are proud to have <a href='http://financialsystems.sungard.com/services/consulting-services'>SunGard Consulting Services</a> as a sponsor - be sure to say hello to <a href='http://www.meetup.com/Houston-Data-Visualization-Meetup/members/25357912/'>Chris McCafferty</a> and <a href='http://www.linkedin.com/pub/ryan-andrews/12/347/a87'>Ryan Andrews</a></p> <p><img src='http://photos2.meetupstatic.com/photos/event/e/5/d/0/600_326578832.jpeg' /></p> <p>FIRST <a href='http://www.linkedin.com/pub/gene-dan/20/b1a/695'>Gene Dan</a> will show us <a href='http://yihui.name/knitr/'>knitr</a>, a tool for elegant, flexible and fast dynamic report generation with <a href='http://www.r-project.org/'>R</a>. </p> <p><br/>The design of <a href='http://yihui.name/knitr/'>knitr</a> allows any input languages (e.g. <a href='http://www.r-project.org/'>R</a>, <a href='http://www.python.org/'>Python</a> and <a href='http://en.wikipedia.org/wiki/AWK'>awk</a>) and any output markup languages (e.g. <a href='http://www.latex-project.org/'>LaTeX</a>, <a href='http://en.wikipedia.org/wiki/HTML'>HTML</a>, <a href='https://github.com/adam-p/markdown-here/wiki/Markdown-Cheatsheet'>Markdown</a>, <a href='http://en.wikipedia.org/wiki/AsciiDoc'>AsciiDoc</a>, and <a href='http://docutils.sourceforge.net/rst.html'>reStructuredText</a>)</p> <p>~</p> <p>THEN <a href='http://www.meetup.com/Houston-Data-Visualization-Meetup/members/25357912/'>Chris McCafferty</a> on generating 3D surfaces with <a href='http://www.nevron.com/Products.ChartFor.NET.Overview.aspx'>Nevron</a> to visualize an options portfolio </p> <p><img src='http://photos4.meetupstatic.com/photos/event/d/c/a/c/600_328016492.jpeg' /></p> <p>more <a href='http://www.nevron.com/Gallery.ChartFor.NET.ChartTypes.GridSurfaceChartGallery.aspx'>surfaces</a></p> <p>~</p> <p>want to give a lightning talk? post in the comments!</p>"
"154181302","Visualizing Genetics Data with d3js + Dynamic Pareto Charts in Tableau",1393979400000,-21600000,10824082,8249872,"past","<p>conversation + networking to 7p</p> <p>THEN <a href='http://www.linkedin.com/pub/david-baldwin/3/166/651'>David Baldwin</a> of <a href='http://www.teknionusa.com/Solutions/Business-Intelligence/Pages/Tableau-Services.aspx'>Teknion Data Solutions</a> will show us how to create Pareto charts with Parameters in <a href='http://www.tableausoftware.com/'>Tableau</a>.</p> <p>NEXT <a href='http://www.linkedin.com/in/driodeiros'>David Rio Deiros</a> on Bringing data to life with <a href='http://d3js.org/'>d3js</a>. Get Ready for solid code examples and beautiful visualizations of sequencing data."
170512072","April Meetup - QlikView + Lightning Talks",1396395000000,-18000000,10824082,8249872,"past","<p>conversation + networking to 7p with a speaker and lightning talks to follow</p> <p>FIRST <a href='http://www.linkedin.com/pub/gary-beach/1/585/983'>Gary Beach</a> will demo the data discovery tool <a href='http://www.qlik.com/us/explore/products/overview'>Qlikview</a>.  This <a href='http://us-b.demo.qlik.com/QvAJAXZfc/opendoc.htm?document=qvdocs%2FAsset%20Management.qvw&amp;host=Demo11&amp;anonymous=true'>Asset Management Demo</a> gives an idea of what you can build with <a href='http://us-b.demo.qlik.com/'>QlikView</a>. Thanks to our own <a href='http://www.linkedin.com/in/jpark328'>John Park</a> bringing this demo to us. </p> <p>NEXT Walt Stein will share a lightning talk on plotting a <a href='http://en.wikipedia.org/wiki/Center_of_population'>demographic center</a> with zip code data from the <a href='http://www.meetup.com/Houston-Data-Visualization-Meetup/events/154181302/'>March</a> <a href='http://www.meetup.com/Houston-Data-Visualization-Meetup/'>Houston DataViz</a> Meetup</p> <p>THEN <a href='http://www.linkedin.com/pub/javier-fadul/19/507/542'>Javier Fadul</a> brings to us a recap of his experience at the <a href='http://visualized.com/2014/'>Visualized 2014</a> conference in <a href='https://www.google.com/maps/place/The+TimesCenter/@40.7549957,-73.9909029,17z/data=!4m2!3m1!1s0x89c259ac7fde9063:0xb134c693ac14a04c'>New York</a>.</p>"
"172547312","An evening with Max De Marzi and graph database Neo4j",1396569600000,-18000000,10824082,8077832,"past","<p><a href='http://www.neo4j.org/learn/graphdatabase'>Graph database</a> <a href='http://maxdemarzi.com/about/'>expert</a> <a href='http://www.linkedin.com/in/maxdemarzi'>Max De Marzi</a> will join us for a conversation about all things <a href='http://www.neo4j.org/'>Neo4j</a></p> <p>Do browse over to Max's <a href='http://maxdemarzi.com/'>excellent blog</a> for examples of the <a href='http://youtu.be/TaV0J5pFMFU'>cool things</a> that are possible with <a href='http://en.wikipedia.org/wiki/Neo4j'>Neo4j</a></p>"
"172547142","May Meetup - Oil & Gas Financial Data in Spotfire",1399419000000,-18000000,10824082,8249872,"past","<p>conversation + networking to 7p with lightning talks and a speaker to follow</p> <p>Our own <a href='http://www.linkedin.com/pub/vitaliy-dolbilov/60/6/73'>Vitaliy Dolbilov</a> will demo some of his work with Oil &amp; Gas financial data in the <a href='http://www.gartner.com/it-glossary/search-based-data-discovery-tools/'>data discovery</a> tool <a href='http://spotfire.tibco.com/'>Spotfire</a>.</p> <p><br/>---</p> <p>Reverse Engineering <a href='http://en.wikipedia.org/wiki/Nate_Silver'>Nate Silver</a> - <a href='https://www.linkedin.com/in/micahstubbs'>Micah</a> will share his <a href='https://github.com/micahstubbs/sunrise_time'>ongoing effort</a> to reproduce and remix this <a href='http://fivethirtyeight.com/datalab/which-cities-sleep-in-and-which-get-to-work-early/'>FiveThiryEight post</a>.</p> <p>the workflow for <a href='https://github.com/micahstubbs/sunrise_time'>this project</a> is roughly</p> <p><a href='http://factfinder2.census.gov/faces/nav/jsf/pages/searchresults.xhtml?refresh=t#none'>ACS Census Data</a> -&gt; <a href='http://office.microsoft.com/en-us/excel/'>Excel</a> -&gt; <a href='https://pypi.python.org/pypi/pyephem/'>PyEphem</a> in <a href='http://ipython.org/notebook.html'>IPython Notebook</a> -&gt; <a href='http://continuum.io/downloads'>More IPython Notebook</a> -&gt; <a href='https://github.com/mbostock/d3/wiki/Gallery'>d3js</a> </p>"
"182013992","June Meetup - Lightning Talks & Social",1401838200000,-18000000,10824082,8249872,"past","<p>conversation + networking +  lightning talks "
187456722","July Meetup - Hands On with World Cup Data In Tableau",1404257400000,-18000000,10824082,8249872,"past","<p>conversation + networking to 7p with hands-on data visualization to follow"
192929592","August Meetup - reusable visualizations in d3js",1407281400000,-18000000,10824082,8249872,"past","<p>conversation + networking to 7p </p> <p>then</p> <p><a href='https://www.blockspring.com/'>Blockspring</a> founder <a href='http://www.linkedin.com/in/paulkatsen'>Paul Katsen</a> on <a href='https://www.blockspring.com/static_pages/launch'>reusable visualizations</a> in d3js</p> <p>With <a href='https://www.blockspring.com/'>Blockspring</a> you can create impressive charts from spreadsheets. From there, you can assemble your charts into dashboards, embed them in websites, or simply share a link.</p> <p><a href='https://www.blockspring.com/'>Blockspring</a> is a data visualization startup based in San Francisco &amp; Chicago.  Paul will join us through the magic of internet video.</p> <p><img src='http://photos3.meetupstatic.com/photos/event/3/c/0/2/600_393135362.jpeg' /></p>"
"199838342","September Meetup - lightning talks & thoughts on learning d3js",1409700600000,-18000000,10824082,8249872,"past","<p>conversation + networking to 7p with lightning talks to follow</p> <p>have useful tool or an interesting public dataset to share?  give a lightning talk, and tell us about it!  </p>"
"208318542","DataViz Sunday Hacking",1411322400000,-18000000,10824082,22494592,"past","<p>Let's work on some weekend dataviz projects together. </p>"
"204736372","October Meetup - plots in R with ggplot2",1412638200000,-18000000,10824082,18896562,"past","<p>conversation + networking to 7p with talks to follow</p> <p>Our own Neeraj will talk about the grammar of graphics and show us how to create graphs in the <a href='http://www.r-project.org/'>statistical programming language R</a> using <a href='http://ggplot2.org/'>ggplot2</a>.</p> <p>Bring a laptop with R and RStudio installed so you can follow along!</p> <p><br/>R: <a href='http://cran.rstudio.com/'><a href='http://cran.rstudio.com/' class='linkified'>http://cran.rstudio.com/</a></a>­</p> <p>RStudio: <a href='http://www.rstudio.com/products/rstudio/download/'><a href='http://www.rstudio.com/products' class='linkified'>http://www.rstudio.com/products</a>...</a>­</p>"
"211945902","DataViz Sunday Hacking",1413136800000,-18000000,10824082,22494592,"past","<p>Let's work on some weekend dataviz projects together.</p>"
"218700670","Monday DataViz Hacking",1416270600000,-21600000,10824082,1519077,"past","<p>Let's work our dataviz projects together.  Bring your laptop and an idea.  </p> <p>I'll look at mapping some open data with d3js - Micah</p>"
"211014482","December Meetup - d3js demos with DiBS Biotech",1417480200000,-21600000,10824082,14854052,"past","<p>conversation + networking to 7p with talks to follow</p> <p>We'll see a biotech-focused <a href='https://www.synapse.org/#!Synapse:syn2455683/wiki/64622'>d3js demo</a> <a href='https://www.synapse.org/#!Synapse:syn2455683/wiki/64622'>&lt;/a&gt;from Houston data visualization startup &lt;a href='http://dibsbiotech.com/'&gt;Data is Beautiful Solutions</a>. </p> <p><img src='http://photos4.meetupstatic.com/photos/event/d/d/6/0/600_405356672.jpeg' />"
219215427","Visualization & Digital Design Poster Session at Rice OEDK",1418587200000,-21600000,10824082,23524991,"past","<p>Join us for a student poster session at the <a href='http://oedk.rice.edu/'>Oshman Engineering Design Kitchen</a> (OEDK).</p> <p>The posters come out of a Digital Design and Visualization course where students learn visual communication using Computer Aided Design, the Adobe Creative Suite, and through the reconstruction of medical imaging data (CT, MRI, etc.).</p> <p>Student posters will tell the story of a human body part (or a vegetable (!)) that experiences some sort of trauma (think Phineas Gage). This trauma will be displayed via the reconstruction of medical imaging data. Then, a regenerative scaffold that fits the defect will be placed into the defect. This regenerative scaffold will be tailored to the geometry and anatomical site. Students will stand by their poster able to answer questions about their work or process.</p> <p>Feel free to stop by anytime between 2pm and 5pm and stay for as little or long as you like.</p> <p><b>Directions to the OEDK</b></p> <p>The OEDK is located immediately off of Entrance 21 on Rice Blvd. on Rice's campus. When you arrive, park in the parking lot across from the building and then walk over to the OEDK. The front door will be unlocked and you may walk in at any point and mingle. Hope you can make it to see some incredible student work. </p> <p><img src='http://photos3.meetupstatic.com/photos/event/2/d/f/1/600_432371761.jpeg' /></p> <p><img src='http://photos4.meetupstatic.com/photos/event/2/e/0/8/600_432371784.jpeg' /></p> <p><b><br/></b></p> <p><b>Problems or questions?</b> Contact Matthew Wettergreen, mwettergreen@rice.edu, 713-825-4613</p>"
"219527042","DataViz Coffee - New Year's Day 2015",1420146900000,-21600000,10824082,1519077,"past","<p>Let's meetup to share our projects and preview the data visualization technologies we'll explore together in 2015.</p> <p>this is informal and spontaneous. come as you are :-)</p>"
"219014327","January Meetup - a dataviz workflow with R and d3js + lightning talks",1421109000000,-21600000,10824082,9011362,"past","<p>conversation + networking to 7p with talks to follow</p> <p>We'll keep January informal, with open time to talk about our projects and the tools we are working with.  Micah will share a data visualization workflow for an <a href='https://github.com/micahstubbs/moebio-time-patterns'>ongoing project</a> using <a href='http://www.rstudio.com/'>R</a> and <a href='http://d3js.org/'>d3js</a>.</p> <p>We'll enjoy a Spotfire <b>lightning talk</b> from own Stephen Rasey.</p> <p><br/>Javier and Micah will also give a <b>lightning talk</b> on <a href='http://threejs.org/examples/'>three.js</a>,  a lightweight <a href='https://en.wikipedia.org/wiki/Cross-browser'>cross-browser</a> <a href='https://en.wikipedia.org/wiki/JavaScript_library'>JavaScript library</a>/<a href='https://en.wikipedia.org/wiki/API'>API</a> that uses <a href='https://en.wikipedia.org/wiki/WebGL'>WebGL</a> to create and display animated <a href='https://en.wikipedia.org/wiki/3D_graphics'>3D computer graphics</a> in a <a href='https://en.wikipedia.org/wiki/Web_browser'>Web browser</a>. </p> <p><br/><b>Share your Lightning Talks!</b> A 'lightning talk' is a quick five minute mini-presentation on any data visualization topic you'd like.  Have a visualization project you'd like to show?  Just discover a really useful new tool? Give a lightning talk!</p> <p>We'll save time for a couple of these each month: to save a spot, post a comment with your talk's title/topic. </p> <p><b>Presentations Wanted:</b> If you'd like to share a topic with the group at an upcoming meetup, let's talk!</p>"
"219532447","three.js meetup",1421713800000,-21600000,10824082,23547421,"past","<p>we'll explore large-scale visualization with <a href='http://www.codecademy.com/en/tracks/javascript'>Javascript</a> to <a href='https://get.webgl.org/'>WebGL</a> renderers like <a href='http://threejs.org/'>three.js</a> and <a href='http://www.pixijs.com/'>pixi.js</a></p> <p>we'll meetup at the <a href='http://www.rcsg.rice.edu/visualization/'>Chevron Visualization Lab at Rice</a> and experiment with the 7680×4320 resolution <a href='https://www.youtube.com/watch?v=IkoHd01G3GI'>display wall</a> there.  (~33 million pixels!)</p> <p>to get started with three.js, browse the examples<br/><a href='http://threejs.org/examples/' class='linkified'>http://threejs.org/examples/</a></p> <p>and then check out this presentation </p> <p><a href='http://davidscottlyons.com/threejs/presentations/frontporch14/#slide-0'><a href='http://davidscottlyons.com/threejs/presentations/frontporch14/#slide-0' class='linkified'>http://davidscottlyons.com/threejs/presentations/frontporch14/#slide-0</a></a></p> <p>and perhaps this tutorial<br/><a href='http://aerotwist.com/tutorials/getting-started-with-three-js/' class='linkified'>http://aerotwist.com/tutorials/getting-started-with-three-js/</a></p>"
"220230505","vis walk",1422820800000,-21600000,10824082,23611299,"past","<p>let's play the <i><a href='http://en.wikipedia.org/wiki/Fl%C3%A2neur'>flâneur</a>.</i>  we'll walk, talk about data visualisation, and observe the city around us. we'll wander as long as we like, and then catch a car or a train back."
219077622","February Meetup - interactive graphics on the web with plot.ly + Lightning Talks",1423528200000,-21600000,10824082,9011362,"past","<p>conversation + networking to 7p "
220520282","March Meetup ⚡ Lightning Data Visualization Server + well,  Lightning Talks",1425943800000,-18000000,10824082,9011362,"past","<p>conversation + networking to 7p</p> <p>THEN lightning talks + an introduction to the open-source Lightning Data Visualization Server from neuroscientist and visualization researcher <b><a href='https://twitter.com/thefreemanlab'>@thefreemanlab</a></b> </p> <p>⚡ Lightning is a data-visualization server providing API-based access to reproducible, web-based, interactive visualizations. It includes a core set of visualization types, but is built for extendability and customization. Lightning supports modern libraries like <a href='http://d3js.org/'>d3.js</a> and <a href='http://threejs.org/'>three.js</a>, and is designed for interactivity over large data sets and continuously updating data streams.</p> <p><br/><a href='http://lightning-viz.org/' class='linkified'>http://lightning-viz.org/</a></p> <p><b>Share your Lightning Talks!</b> A 'lightning talk' is a quick five minute mini-presentation on any data visualization topic you'd like. Have a visualization project you'd like to show? Just discover a really useful new tool? Give a lightning talk!</p> <p>We'll save time for a couple of these each month: to save a spot, post a comment with your talk's title/topic.</p> <p><b>Presentations Wanted:</b> If you'd like to share a topic with the group at an upcoming meetup, let's talk!</p>"
"220899492","Data Vis Drinks + Conversation",1426816800000,-18000000,10824082,23637644,"past","<p>join us for drinks and conversation after the <a href='http://houston.aiga.org/event/aiga-houston-presents-nicholas-felton/'>sure-to-be-amazing talk</a> from information design superstar <a href='http://feltron.com/'>Nicholas Felton</a> hosted by <a href='http://houston.aiga.org/'>AIGA Houston</a></p> <p><img src='http://photos2.meetupstatic.com/photos/event/2/5/7/e/600_434949598.jpeg' /></p>"
"221601627","digital cartography conversations",1428105600000,-18000000,10824082,9011362,"past","<p>let's gather and talk maps.</p>"
"221268432","datavis demo day - april meetup",1428967800000,-18000000,10824082,9011362,"past","<p>Come show off your data vis projects, science fair-style.</p> <p>Plan for concurrent longform high quality conversations about interactive graphics practice, style, and workflows. Be ready to walk about Tx/Rx and engage with your fellow information designers and their projects.</p> <p><b>Want to enter the Demo Day?</b> Post a comment with the subject area or domain that your project will teach us about.</p> <p><b>On Demo Day: </b>Bring a laptop with your visualization project, and be ready to show the code and development tools you work with. If you can, bring a nice large monitor to show off your work. We will provide wifi internet access, ample power, and table space.</p> <p>As is our custom, there will be tasty food and cold beverages.</p> <p><b>Demos from:</b></p> <p>Ian - <a href='http://tabcmap.s3-website-us-east-1.amazonaws.com/'>TABC Map</a></p> <p>Gerardo - <a href='http://permafrostcarbon.org/map_NCSCD.html'>Permafrost Carbon</a></p> <p>Neeraj - 'new' twitter data to explore mental illness in the US.</p> <p>Stephen - Shale lithology ternary diagram in Spotfire</p> <p>Micah - <a href='https://github.com/micahstubbs/tpp-map'>tpp-map</a> - a custom cartography project with d3js</p>"
"221919972","d3js open lab",1429473780000,-18000000,10824082,9011362,"past",
"221889124","Tableau 9 Road Show + User Group",1429812000000,-18000000,10824082,23770245,"past","<p>We're happy to share this event from our friends at <a href='http://www.tableau.com/'>Tableau</a>.</p> <p>Be sure to register at <a href='http://www.tableau.com/learn/events/tableau-90-launch-road-show-houston?signin=48c268782a087268c132c0da6b973ca0'>Tableau's event page</a> to reserve your spot!</p> <p>--------------------------</p> <p>Whether you're new to Tableau or a long-time fan, you'll get a chance to see the <a href='https://www.tableau.com/new-features/9.0'>new features</a> and interact with the product. Then, have a drink with us and other Tableau customers after the presentations.</p> <p><br/>130p Tableau 9 Keynote<br/>3p Tableau Hands On Learning Sessions<br/>4p Happy Hour + Networking<br/>5p Tableau User Group "
221881478","Houston Business Intelligence Roundtable",1430946000000,-18000000,10824082,11088232,"past","<p>We're happy to share this event organized by our friends at <a href='http://www.teknionusa.com/Pages/Teknion-Data-Solutions-Home.aspx'>Teknion Data Solutions</a>.  </p> <p>please RSVP on <a href='https://www.eventbrite.com/e/houston-bi-roundtable-tickets-16491652978'>Eventbrite</a> as well to reserve your spot!</p> <p>---------------------</p> <p>Join <b>Houston Business Intelligence</b> leaders for an evening of networking, information sharing and golf.</p> <p>4p Appetizers, Sponsor Demos, Networking<br/>5p Presentation + Questions<br/>6p Golf! </p> <p><b>Speaker</b> <a href='https://www.linkedin.com/pub/heath-ballard/22/833/777'>Heath Ballard</a> Director of Marketing and Strategic Projects at <a href='http://www.sprintwaste.com/'>Sprint Waste Services</a> </p> <p>Heath will share his experience deploying business intelligence tools to drive new revenue at Sprint. </p> <p>Sprint now integrates mobile apps, web interfaces, vehicle sensors, and powerful analytics with their oilfield services and ERP systems to provide compelling value for their customers. Sprint's business intelligence strategy allows their services to fit more closely into their customer's business processes than was possible before with traditional field services alone.</p> <p><br/><b>Event Sponsors</b></p> <p><img src='http://photos1.meetupstatic.com/photos/event/b/6/f/d/600_436366845.jpeg' /></p> <p><img src='http://photos4.meetupstatic.com/photos/event/b/7/0/9/600_436366857.jpeg' /></p> <p><img src='http://photos4.meetupstatic.com/photos/event/b/7/1/4/600_436366868.jpeg' /></p> <p><img src='http://photos2.meetupstatic.com/photos/event/b/7/1/b/600_436366875.jpeg' /></p>"
"221830065","Intro to Scalable Vector Graphics + Lightning Talks - May Meetup",1431387000000,-18000000,10824082,9011362,"past","<p>conversation to 7p </p> <p>lightning ⚡ talks </p> <p>THEN</p> <p>an introduction to Scalable Vector Graphics.  we'll explore the world of SVGs by stepping through this <a href='http://curran.github.io/screencasts/introToD3/examples/viewer/#/1'>delightful demo</a> together:</p> <p><a href='http://curran.github.io/screencasts/introToD3/examples/viewer/#/1'><a href='http://curran.github.io/screencasts/introToD3/examples/viewer/#/1' class='linkified'>http://curran.github.io/screencasts/introToD3/examples/viewer/#/1</a></a></p> <p>extra curious?  watch <a href='https://twitter.com/currankelleher'>@currankelleher</a>'s excellent <a href='https://www.youtube.com/watch?v=8jvoTV54nXw'>introToD3 talk </a>and enjoy the <a href='http://curran.github.io/screencasts/introToD3/examples/viewer/#/'>presentation</a> that goes with it</p>"
"222584305","data jam",1433599200000,-18000000,10824082,9011362,"past","<p><b>Update --</b> Dataset Announced!</p> <p>To download it, go here:</p> <p> <a href='https://github.com/houstondatavis/data-jam-june-2015'><a href='https://github.com/houstondatavis/data-jam-june-2015' class='linkified'>https://github.com/houstondatavis/data-jam-june-2015</a></a></p> <p><img src='http://photos1.meetupstatic.com/photos/event/7/c/2/600_438301986.jpeg' />"
222465699","network vis + lightning talks // june meetup",1433806200000,-18000000,10824082,9011362,"past","<p>conversation to 7p </p> <p>lightning ⚡ talks </p> <p>THEN</p> <p><a href='https://twitter.com/micahstubbs'>@micahstubbs</a> from <a href='http://intentive.info/'>intentive</a> will take us on a tour of network vis inspired by the <a href='http://bl.ocks.org/micahstubbs/raw/b7182dddb4a1b79d1ac7/'>prototype vis</a> from this recent <a href='http://challengepost.com/software/htx-org-vis'>hackathon project </a></p> <p><img src='http://photos1.meetupstatic.com/photos/event/b/8/7/f/600_438287231.jpeg' /></p> <p>want to go deeper?  </p> <p>check out <a href='https://twitter.com/elijah_meeks'>@Elijah_Meeks</a>' upcoming workshop on effective network visualization with <a href='https://twitter.com/hashtag/d3js?src=hash'>#d3js</a> at <a href='http://forwardjs.com/'>foward.js</a></p>"
"223540472","d3js open lab",1435514400000,-18000000,10824082,9011362,"past",
"223102558","Python Data Visualization - July Meetup",1436830200000,-18000000,10824082,9011362,"past","<p>conversation to 7p</p> <p>lightning ⚡ talks </p> <p>THEN</p> <p>a tour Python data visualization with <a href='https://github.com/neerajt'>Neeraj</a></p>"
"224341959","data jam",1439042400000,-18000000,10824082,9011362,"past","<p>following the success of our first data jam, a lot of us are excited to do this again! we'll work in small teams to visualize a new dataset in three hours. we'll announce the actual dataset at the beginning of the event. this jam is tool agnostic. the goal is to learn together while producing many visualizations on a common dataset. this common dataset will enable us to quickly compare design choices and learn from each other. bonus points for the enterprising souls who make something you can view and share on the web.</p> <p>approximate schedule </p> <p>~ 9a bagels and coffee and breakfast tacos</p> <p>         form teams, ready your laptops</p> <p>~930a visualize it.</p> <p>~ 1230p quick talks to share the visualizations we created</p>"
"222933140","Chiasm for linked d3js charts + Lightning Talks  // August Meetup",1439249400000,-18000000,10824082,9011362,"past","<p>conversation to 7p</p> <p>lightning talks </p> <p><br/>⚡ Greg Smith - Using leaflet.js and mapbox for map data</p> <p> THEN</p> <p><a href='https://twitter.com/currankelleher'>@currankelleher</a> on the visualization platform <a href='https://github.com/curran/chiasm/'>Chiasm</a></p> <p><a href='https://www.linkedin.com/in/currankelleher'>Curran</a> maintains the Chiasm open-source project and creates interactive data visualizations with <a href='http://d3js.org/'>d3js</a> at <a href='http://alpinenow.com/'>Alpine Data Labs</a>.</p> <p>Chiasm is a browser based runtime environment and plugin architecture for interactive visualizations. It allows plugins for data access, data transformation, and interactive visualization to be loaded and configured dynamically.</p> <p>Projects like Chiasm aim to abstract away some of the more difficult-to-implement 'wiring' necessary to create linked interactive d3js visualizations like <a href='http://bl.ocks.org/curran/19d42e98ce25291eb45d'>this</a>.</p> <p><a href='https://github.com/curran/chiasm/'> <a href='https://github.com/curran/chiasm/' class='linkified'>https://github.com/curran/chiasm/</a></a></p>"
"224527330","XVSY - grammar of graphics based data exploration in clojure // September Meetup",1442273400000,-18000000,10824082,9011362,"past","<p>conversation to 7p,</p> <p>⚡ lightning talks</p> <p>Ju will share his work on a network diagram to understand the relationship between local venues and HIV risk in Houston</p> <p> then</p> <p>Dave will be talking about <a href='https://github.com/dvdt/xvsy'>XVSY</a>, a toy project for grammar of graphics based data exploration implemented in Clojure. The goal of XVSY was to learn about data visualization via maximal re-invention. Thus, XVSY has no dependencies on libraries like d3.js, ggplot2, etc. This talk will feature an architectural overview and then a brief visual analysis of <a href='https://www.cms.gov/Research-Statistics-Data-and-Systems/Statistics-Trends-and-Reports/Medicare-Provider-Charge-Data/Part-D-Prescriber.html'>Medicare Part D prescription data</a> to fact-check claims made in this <a href='http://nyti.ms/1zfltH2'>New York Times article</a> regarding prescribing patterns for the treatment of macular degeneration. </p> <p>See more from Dave here: <a href='http://davetsao.com/'><a href='http://davetsao.com/' class='linkified'>http://davetsao.com/</a></a></p>"
"225363078","Tableau as a “rapid prototyping” tool // October Meetup",1444692600000,-18000000,10824082,9011362,"past","<p> conversation to 7p </p> <p>then ⚡ lightning talks </p> <p><br/>Clay will share an interactive map dashboard made in <a href='https://powerbi.microsoft.com/en-us/'>Microsoft's Power BI</a></p> <p>speaker to follow</p> <p>Aaron will be presenting two talks:</p> <p><br/>1. How to use Tableau as a “rapid prototyping” tool. Aaron has been using Tableau for more than 7 years and will share a workflow that may be useful even to those of us who choose another environment.</p> <p>2. The art &amp; science of data visualization. He'll briefly cover a range of topics like graphical excellence, honesty in data visualization, telling effective stories,  <a href='http://psychology.about.com/od/sensationandperception/ss/gestaltlaws.htm#showall'>Gestalt laws of perceptual organization</a>, <a href='http://www.tableau.com/sites/default/files/media/designing-great-visualizations.pdf'>how the visual perception system works</a>, <a href='http://fellinlovewithdata.com/wp-content/uploads/2010/12/retinal-properties.png'>Bertin’s retinal properties</a>, <a href='http://flowingdata.com/2010/03/20/graphical-perception-learn-the-fundamentals-first/'>Cleveland &amp; McGill’s graphical perception properties</a>. If there's interest, we'll have more discussion about these topics in the future.</p> <p><br/>To follow along with the tutorial, you'll want to have your own copy of Tableau. Here are the download links for Tableau Public (free to use forever, but you can only save to your Tableau Public profile on the web):"
226018977","data jam",1445090400000,-18000000,10824082,9011362,"past","<p>Update: Dataset Announced!</p> <p>get it at this link: </p> <p><a href='https://github.com/houstondatavis/data-jam-october-2015'><a href='https://github.com/houstondatavis/data-jam-october-2015' class='linkified'>https://github.com/houstondatavis/data-jam-october-2015</a></a>"
226531763","Intro to D3.js, creating interactive shareable visualizations // November Meetup",1447115400000,-21600000,10824082,9011362,"past","<p>conversation to 7p </p> <p>then ⚡ lightning talks </p> <p><br/><i>let us know in the comments if you'd like to present!</i></p> <p>then</p> <p><a href='https://github.com/pandafulmanda'>Amanda</a> will step through making your first vis with <a href='http://d3js.org/'>D3.js</a>, and help us demystify how web visualizations work."
226665414","TIBCO's Jaspersoft & Graphic Design Double Header // December Meetup",1450139400000,-21600000,10824082,9011362,"past","<p>conversation to 7p then</p> <p>⚡ lightning talks<br/><i>Please let us know if you'd like to share a lightning talk</i></p> <p><br/>and two speakers</p> <p>• Stephen will introduce us to <a href='http://www.jaspersoft.com/quick-start'>Jaspersoft</a>, an intriguing alternative to Tableau's suite of dashboard tools.</p> <p>• Michelle will talk about design principles, including comparing fonts for different purposes. How many of us always use the default fonts? In preparation for her talk, she suggests you try out a few fun games to test your knowledge: <a href='http://www.typeconnection.com'>Game1</a>, <a href='http://shape.method.ac'>Game2</a>, <a href='http://type.method.ac'>Game3</a></p>"
"227238782","Drill down maps: filtering spatial data // January Meetup",1452558600000,-21600000,10824082,9011362,"past","<p>conversation to 7p then ⚡ lightning talks</p> <p>Tariq will share a lightning talk on his experiments on presenting data as text</p> <p><br/><i>If you're interested in sharing something you're working on, especially a work in progress, let us know. Lightning talks are the perfect format for that.</i></p> <p><i><br/></i>and speakers</p> <p>Thomas will make a presentation using Tableau to demonstrate the linkage and correlation between the price of oil and how changes in that price affect the performance of real estate in the Houston area.</p> <p><br/>Clay will show us on Monday night how to use Tableau to create an amazing local dashboard tracking properties on the Trustee Foreclosure list. He will give an in-depth demonstration of Tableau showing how to map individual properties, use the brand new Map Box API feature to pull in a beautiful map, create a heat map of zip codes, create calculated fields and use them in an interactive filter, and finally how to pull it all together in an dashboard.</p> <p>Clay will use proprietary real estate data that he has curated and it will be a relevant demonstration of a powerful tool, using local information.</p>"
"228026593","Show and Tell // February Meetup",1454977800000,-21600000,10824082,9011362,"past","<p>Come share your data vis projects, science fair-style.</p> <p>You can bring something of your own, or any other project that inspires you, whether it's about about design, style, or workflows.</p> <p>Come ready to engage with your fellow data artists and their projects.</p> <p><br/><b>Want to enter the science fair?</b> Post a comment with the subject area or domain that your project will teach us about.</p> <p>There will be tasty sandwiches and cold beverages."
228076985","data jam",1455375600000,-21600000,10824082,9011362,"past","<p>here we go again! we'll work in small teams to visualize a new dataset in three hours. we'll announce the actual dataset at the beginning of the event. this jam is tool agnostic, so you can choose to use what you're already comfortable with or try something new, it's up to you.</p> <p> the goal is to learn together while producing many visualizations on a common dataset. this will enable us to quickly compare design choices and learn from each other. bonus points for the enterprising souls who make something you can view and share on the web.</p> <p><br/>approximate schedule ~ 9a coffee and bagels</p> <p>dataset announced</p> <p>form teams, ready your laptops</p> <p>~930a visualize it.</p> <p>~ 1230p quick talks to share the visualizations we created</p>"
"228874872","Visualizing Twitter Data// March Meetup",1457998200000,-18000000,10824082,9011362,"past","<p>conversation to 7p then</p> <p>⚡ talks</p> <p>In our most recent data jam, people worked to visualize a modestly sized (~200k tweets) <a href='https://github.com/houstondatavis/data-jam-february-2016'>Twitter dataset</a>. We saw a wide range of tools employed to test interesting ideas.</p> <p>This Month, we'll have a round of lightning presentations and discussion about those ideas, the process used, what the results were, and what we can learn from them.</p> <p>feature presentations</p> <p>Then, Wanjun will demonstrate how easy it is to get started with <a href='https://plot.ly/'>Plotly</a> - a service for hosting your plots on the web. She'll show us a cool project using Plotly with the Raspberry Pi.</p> <p>And Amin will show us a tool called <a href='http://circos.ca/'>Circos</a>, a software package for visualizing data in a circular layout. He'll explain to us how to get started, and how he uses it in his work.</p>"
"229000733","free GitHub workshop",1459015200000,-18000000,10824082,24143938,"past","<p>There's a community organized GitHub workshop happening soon. There will be mentors on-hand to guide you through some basic exercises and answer your questions.</p> <p><br/>If you want to attend, go register here:</p> <p><a href='https://codeparkhouston.com/git-workshop/?group=DataVis'><a href='http://codeparkhouston.com/git-workshop' class='linkified'>http://codeparkhouston.com/git-workshop</a></a></p> <p>This will be a great way to get comfortable with Git and GitHub so you can organize/collaborate your own projects, contribute to existing ones, get the most out of data jams, and more.</p> <p>If you're already experienced using Git and GitHub, consider registering as a Mentor</p>"
"229992103","Circular layout diagrams and information design principles// April Meetup",1460417400000,-18000000,10824082,24357927,"past","<p><b>Please note the address</b>: We're trying a new location this month.</p> <p>Conversation until 7 pm, then</p> <p>Lightning Talks<br/><i>Please let us know if you'd like to give a lightning talk - we'll have time for a few of these. This is a great way to share your recent work or works in progress. </i></p> <p>And, this month we'll have two presentations</p> <p>Amin will show us <a href='http://circos.ca/'>Circos</a>, a software package that enables us to make circular layout diagrams with a high <a href='http://www.infovis-wiki.net/index.php/Data-Ink_Ratio'>data-to-ink ratio</a>. </p> <p>Javier will share the recent talk he presented on information design principles, and lead a discussion on new emerging possibilities.</p> <p><br/>There will be waters and tasty sandwiches.</p>"
"228960732","data jam",1461420000000,-18000000,10824082,9011362,"past","<p>we'll work in small teams to visualize a new dataset in three hours. we'll announce the actual dataset at the beginning of the event. this jam is tool agnostic, so you can choose to use what you're already comfortable with or try something new, it's up to you.</p> <p>the goal is to learn together while producing many visualizations on a common dataset. this will enable us to quickly compare design choices and learn from each other. bonus points for the enterprising souls who make something you can view and share on the web. approximate schedule ~ 9a coffee and bagels</p> <p>dataset announced</p> <p>form teams, ready your laptops</p> <p>~930a visualize it.</p> <p>~ 1230p quick talks to share the visualizations we created</p>"
"230794453","Lightning Talks And Conference Recap // May Meetup",1462836600000,-18000000,10824082,24357927,"past","<p>We'll have lightning talks and a recap from the <a href='https://openvisconf.com'>Open Vis conference</a> in Boston earlier this month.</p> <p>There will be waters and tasty sandwiches.</p> <p>If you're interested in sharing a lightning talk please post in the comments or message Neeraj or Ju. If anyone worked more on their data jam project, this is a good opportunity to show your work!</p>"
"231505611","OpenVis Conf and Eyeo Festival recap // June Meetup",1465860600000,-18000000,10824082,24357927,"past","<p>conversation until 7pm, then⚡ talks</p> <p><i>Please reach out if you have lightning talks</i></p> <p>Feature presentation: </p> <p>We'll share our favorite take-aways from two vis-centered conferences: the <a href='https://openvisconf.com/'>OpenVis Conf</a> in Boston and the <a href='http://eyeofestival.com/'>Eyeo festival</a> in Minneapolis.</p> <p>'OpenVis Conf is a two-day, single track conference centered around the practice of visualizing data on the web. Join us to learn about data visualization, information design, data analysis and implementation using the best Open Web technology.'</p> <p>'Eyeo assembles an incredible set of creative coders, data designers, artists, and attendees -- expect enthralling talks, unique workshops and interactions with open source instigators and super fascinating practitioners. Join us for an extraordinary festival.'"
231227184","data jam",1466863200000,-18000000,10824082,9011362,"past","<p>we'll work in small teams to visualize a new dataset in three hours. we'll announce the actual dataset at the beginning of the event. this jam is tool agnostic, so you can choose to use what you're already comfortable with or try something new, it's up to you.</p> <p>the goal is to learn together while producing many visualizations on a common dataset. this will enable us to quickly compare design choices and learn from each other. bonus points for the enterprising souls who make something you can view and share on the web. </p> <p>approximate schedule </p> <p>• 9a </p> <p>• coffee and bagels</p> <p>• dataset announced</p> <p>• form teams, ready your laptops</p> <p>• 930a </p> <p>• visualize it.</p> <p>• 1230p </p> <p>• quick talks to share the visualizations we created</p>"
"231182054","A Visual Introduction to Graph-based Machine Learning // July Meetup",1468279800000,-18000000,10824082,24357927,"past","<p>conversation until 7pm, then<i>⚡ talks</i></p> <p>Ted will present his work on animating NBA shot selection throughout a game in Jupyter notebook.</p> <p><i>feature presentation</i></p> <p>Then, CJ will give us an introduction to graph-based machine learning and manifolds, going over the highlights of the various things you can do with them- </p> <p>with lots of visual examples and not too much math."
232779288","Graphical Inference // August Meetup",1470699000000,-18000000,10824082,24357927,"past","<p>conversation until 7pm, then⚡ talks</p> <p><br/>Javier will share with us some amazing new ideas and technology in the realm of <b>stereoscopic mixed reality.</b></p> <p>then, our feature presentation</p> <p><br/>Ju will present <b>Graphical inference</b></p> <p><i>'The human understanding, on account of its own nature, readily supposes a greater order and uniformity in things than it finds. And ... it devises parallels and correspondences and relations which are not there.' </i></p> <p>-- Francis Bacon, 1620</p> <p>Is what we see really there? How can we avoid tricking ourselves into seeing patterns where there are none."
232548862","data jam",1471701600000,-18000000,10824082,9011362,"past","<p>we'll work in small teams to visualize a new dataset in three hours. we'll announce the actual dataset at the beginning of the event. this jam is tool agnostic, so you can choose to use what you're already comfortable with or try something new, it's up to you.</p> <p>the goal is to learn together while producing many visualizations on a common dataset. this will enable us to quickly compare design choices and learn from each other. bonus points for the enterprising souls who make something you can view and share on the web. </p> <p>approximate schedule </p> <p>• 9a </p> <p>• coffee and bagels</p> <p>• dataset announced</p> <p>• form teams, ready your laptops</p> <p>• 930a </p> <p>• visualize it.</p> <p>• 1230p </p> <p>• quick talks to share the visualizations we created</p>"
"233079759","Introduction to Visualization Grammars // September Meetup",1473723000000,-18000000,10824082,24357927,"past","<p>conversation until 7pm, then talks</p> <p>Luke will tell us about presentation design</p> <p>Charles will give us an overview of Qlik Sense</p> <p>Then our feature presentation;</p> <p>Amanda will lead an interactive discovery of the fundamental building blocks of data visualization; an introduction to visualization grammars."
233079400","A Brief History of Map Making at The Antiquarium // October Meetup",1476142200000,-18000000,10824082,24768680,"past","<p><b>Please note the location.</b></p> <p>We'll meet at The Antiquarium, where the knowledgeable people there will tell us about the history of the art of map-making. They'll take us from ancient Roman maps like Ptolemy to Mercator and the modern age."
234942897","impromptu meetup with @micahstubbs",1477612800000,-18000000,10824082,24357927,"upcoming","<p>Our OG Organizer is back in town for a limited time only, so we're taking full advantage with an impromptu meetup to hang out with him.</p> <p>Micah will talk about his experience building data visualizations full time in Silicon Valley and answer questions about what that's like. Then, he'll share some novel visualizations and crazy cartography he saw at the recent 2016 d3 unconference.</p>"
"233079777","data jam",1477749600000,-18000000,10824082,22688792,"upcoming","<p>we'll work in small teams to visualize a new dataset in three hours. we'll announce the actual dataset at the beginning of the event. this jam is tool agnostic, so you can choose to use what you're already comfortable with or try something new, it's up to you.</p> <p>the goal is to learn together while producing many visualizations on a common dataset. this will enable us to quickly compare design choices and learn from each other. bonus points for the enterprising souls who make something you can view and share on the web. approximate schedule • 9a • coffee and bagels</p> <p>• dataset announced</p> <p>• form teams, ready your laptops</p> <p>• 930a • visualize it.</p> <p>• 1230p • quick talks to share the visualizations we created</p>"
"233893631","Small Data Vis in Large Orgs & Visualizing mobility // November Meetup",1479169800000,-21600000,10824082,24863717,"upcoming","<p>Conversation until 7p then lightning talks.</p> <p>Yulan will present the <b>best of PyData chicago</b></p> <p><i>reach out to us if you have lightning talks</i></p> <p> then</p> <p><br/>Justin will lead a discussion on the changing landscape of tools for processing and interacting with data, and the value and pitfalls in<b> introducing small web-based data visualizations to replace and/or augment other technologies</b>.</p> <p>and</p> <p>Kelsey will tell us about her research on <b>visualizing human mobility</b>.</p>"